<?xml version="1.0" encoding="UTF-8"?>
<!DOCTYPE hibernate-configuration SYSTEM "http://www.hibernate.org/dtd/hibernate-configuration-3.0.dtd">

<hibernate-configuration>
	<session-factory>
		<property name="connection.driver_class">com.mysql.cj.jdbc.Driver</property>
		<property name="connection.url">jdbc:mysql://localhost:3306/myhiber</property>
		<property name="connection.username">root</property>
		<property name="connection.password">root</property>
		<property name="dialect">org.hibernate.dialect.MySQL5Dialect</property>
		<property name="hbm2ddl.auto">update</property> <!-- for create automatic table -->
		<property name="show_sql">true</property>
		<property name="format_sql">true</property>
		<mapping class="com.stpl.demo.maven.Student"></mapping>
		<mapping class="com.stpl.demo.maven.Address"></mapping>
		<mapping class="com.stpl.demo.maven.Contactnumber"></mapping>
		
		<mapping class="com.stpl.mapping.Employee"></mapping>
		<mapping class="com.stpl.mapping.Project"></mapping>
		
	</session-factory>
</hibernate-configuration>