<?xml version="1.0" encoding="UTF-8"?>

<beans xmlns="http://www.springframework.org/schema/beans"
	xmlns:aop="http://www.springframework.org/schema/aop"
	xmlns:xsi="http://www.w3.org/2001/XMLSchema-instance"
	xmlns:tx="http://www.springframework.org/schema/tx"
	xmlns:util="http://www.springframework.org/schema/util"
	xsi:schemaLocation="http://www.springframework.org/schema/aop 
			    http://www.springframework.org/schema/aop/spring-aop-3.0.xsd 
			    http://www.springframework.org/schema/beans 
			    http://www.springframework.org/schema/beans/spring-beans-3.0.xsd
			    http://www.springframework.org/schema/tx 
     			http://www.springframework.org/schema/tx/spring-tx-3.0.xsd
     			http://www.springframework.org/schema/util 
     			http://www.springframework.org/schema/util/spring-util-3.0.xsd">

 	<bean id="userDAO"
		class="com.stpl.eventmanagement.core.dao.UserDAOImpl">
		<property name="sessionFactory"
			ref="eventManagementSessionFactory" />
	</bean>

	<bean id="UserManager"
		class="com.stpl.eventmanagement.core.controller.UserManager">
		<property name="entityDAO" ref="userDAO" />
	</bean> 

	<bean id="EventDAO"
		class="com.stpl.eventmanagement.core.dao.EventDAOImpl">
		<property name="sessionFactory"
			ref="eventManagementSessionFactory" />
	</bean>

	<bean id="EventManager"
		class="com.stpl.eventmanagement.core.controller.EventManager">
		<property name="entityDAO" ref="EventDAO" />
	</bean>
	
		<bean id="PlaceDAO"
		class="com.stpl.eventmanagement.core.dao.PlaceDAOImpl">
		<property name="sessionFactory"
			ref="eventManagementSessionFactory" />
	</bean>

	<bean id="PlaceManager"
		class="com.stpl.eventmanagement.core.controller.PlaceManager">
		<property name="entityDAO" ref="PlaceDAO" />
	</bean>





	<!-- enable the configuration of transactional behavior based on annotations -->

</beans>
