<?xml version="1.0" encoding="UTF-8"?>

<beans xmlns="http://www.springframework.org/schema/beans"
	xmlns:aop="http://www.springframework.org/schema/aop"
	xmlns:xsi="http://www.w3.org/2001/XMLSchema-instance"
	xmlns:tx="http://www.springframework.org/schema/tx"
	xmlns:util="http://www.springframework.org/schema/util"
	xsi:schemaLocation="http://www.springframework.org/schema/aop 
			    http://www.springframework.org/schema/aop/spring-aop-3.0.xsd 
			    http://www.springframework.org/schema/beans 
			    http://www.springframework.org/schema/beans/spring-beans-3.0.xsd
			    http://www.springframework.org/schema/tx 
     			http://www.springframework.org/schema/tx/spring-tx-3.0.xsd
     			http://www.springframework.org/schema/util 
     			http://www.springframework.org/schema/util/spring-util-3.0.xsd">


	<bean id="Dao" class="com.stpl.eventmanagement.dao.EventDAOImpl">
		<property name="sessionFactory"
			ref="eventManagementSessionFactory" />
	</bean>

	<bean id="EventManager"
		class="com.stpl.eventmanagement.EventManager">
		<property name="Dao" ref="Dao" />
	</bean>

	<bean id="UserDao"
		class="com.stpl.eventmanagement.dao.UserDAOImpl">
		<property name="sessionFactory"
			ref="eventManagementSessionFactory" />
	</bean>

	<bean id="UserManager"
		class="com.stpl.eventmanagement.UserManager">
		<property name="UserDao" ref="UserDao" />
	</bean>
	<bean id="PlaceDao"
		class="com.stpl.eventmanagement.dao.PlaceDAOImpl">
		<property name="sessionFactory"
			ref="eventManagementSessionFactory" />
	</bean>

	<bean id="PlaceManager"
		class="com.stpl.eventmanagement.PlaceManager">
		<property name="PlaceDao" ref="PlaceDao" />
	</bean>

</beans>